{"cameraMode":{"drawMode":0,"name":"Shaded","section":"Shading Mode"},"sceneLighting":false,"audioPlay":false,"sceneViewState":{"showFog":true,"showMaterialUpdate":false,"showSkybox":false,"showFlares":true,"showImageEffects":true,"showParticleSystems":true},"in2DMode":false,"pivot":{"x":-3.793875217437744,"y":5.089550018310547,"z":-0.09950000047683716},"rotation":{"x":0.028485523536801339,"y":0.028484858572483064,"z":-0.0008127136970870197,"w":0.9991940855979919},"size":0.8374298810958862,"orthographic":false}