{"cameraMode":{"drawMode":0,"name":"Shaded","section":"Shading Mode"},"sceneLighting":false,"audioPlay":false,"sceneViewState":{"showFog":true,"showMaterialUpdate":false,"showSkybox":false,"showFlares":true,"showImageEffects":true,"showParticleSystems":true},"in2DMode":false,"pivot":{"x":-0.19874998927116395,"y":0.1822500228881836,"z":0.0},"rotation":{"x":0.004501371178776026,"y":-0.005999563727527857,"z":0.000024901379219954833,"w":0.9999830722808838},"size":1.8073949813842774,"orthographic":false}