{"cameraMode":{"drawMode":0,"name":"Shaded","section":"Shading Mode"},"sceneLighting":false,"audioPlay":false,"sceneViewState":{"showFog":true,"showMaterialUpdate":false,"showSkybox":false,"showFlares":true,"showImageEffects":true,"showParticleSystems":true},"in2DMode":false,"pivot":{"x":-3.4200000762939455,"y":5.369999885559082,"z":-0.10999999940395355},"rotation":{"x":0.004501371178776026,"y":-0.005999563727527857,"z":0.000024901379219954833,"w":0.9999830722808838},"size":0.32337668538093569,"orthographic":false}